{
    "index": [
        "9.0~9.5", "9.5~10.0", "10.0~10.5", "10.5~11.0", "11.0~11.5", "11.5~12.0", 
        "12.0~12.5", "12.5~13.0", "13.0~13.5", "13.5~14.0", "14.0~14.5", "14.5~15.0", 
        "15.0~15.5", "15.5~16.0", "16.0~16.5", "16.5~17.0", "17.0~17.5", "17.5~18.0", 
        "18.0~18.5", "18.5~19.0", "19.0~19.5", "19.5~20.0", "20.0~20.5"],
    "March": [0.6343332892824105, 1.3083124091449716, 1.5990485000660766, 2.7223470331703448, 
        3.8192150125545132, 5.563631558081142, 6.911589797806264, 8.51063829787234, 
        8.841020219373597, 8.933527157393947, 8.761728558213294, 7.5723536408087755, 
        6.1318884630633015, 5.894013479582397, 4.916082991938682, 3.872076119994714, 
        3.343465045592705, 2.8677150786308974, 2.43161094224924, 1.8897845909871813, 
        1.4140346240253734, 1.21580547112462, 0.845777719043214],
    "June": [0.5323868677905945, 0.7170048945244297, 1.3395540544408506, 2.168188453502018, 
        3.424735953287346, 5.079142456421558, 6.86521452900936, 7.95288662449552, 
        8.947534132867734, 9.253799696596731, 8.801557088473539, 8.214786615908636, 
        6.972550591063915, 6.0222686550075855, 5.014740819188825, 3.984314623465094, 
        3.1370753069811372, 2.38572287259925, 1.6858917480035491, 1.3896442167329766, 
        1.0475999656524602, 0.725591779488794, 0.5695967026361737]
}